"Learner Full Name (fictional)","Grant Payment Date (September 2026)","Program - School Learning Kits / Library Access","Amount Paid to Recipient (INR)","Receipt Reference","Purpose - notebooks and geometry kits or library travel","Location - fictional Navapur learning centres","Record Review Note"
"  aarav kulkarni  ","2026-09-01","School Learning Kits - Materials Grants (INR)","500","CF-SEP-001","Notebooks and geometry kit reimbursement","West Learning Centre","Routine payment"
"NISHA MENON","2026-09-02","School Learning Kits - Materials Grants (INR)","550","CF-SEP-002","Notebooks and geometry kit reimbursement","East Learning Centre","Routine payment"
"Farhan Ansari","3 Sep 2026","School Learning Kits - Materials Grants (INR)","600","CF-SEP-003","Notebooks and geometry kit reimbursement","West Learning Centre","Routine payment"
"Tara Bhattacharya","2026-09-04","School Learning Kits - Materials Grants (INR)","650","CF-SEP-004","Notebooks and geometry kit reimbursement","East Learning Centre","Routine payment"
"Rehan Kapoor","2026-09-05","School Learning Kits - Materials Grants (INR)","700","CF-SEP-005","Notebooks and geometry kit reimbursement","West Learning Centre","Routine payment"
"Meera Iyer","2026-09-06","School Learning Kits - Materials Grants (INR)","15000","CF-SEP-006","Notebooks and geometry kit reimbursement","East Learning Centre","Unusually large payment entered for review"
"Sanjay Batra","2026-09-07","School Learning Kits - Materials Grants (INR)","550","CF-SEP-007","Notebooks and geometry kit reimbursement","West Learning Centre","Routine payment"
"Priya Saxena","2026-09-08","School Learning Kits - Materials Grants (INR)","600","CF-SEP-008","Notebooks and geometry kit reimbursement","East Learning Centre","Routine payment"
"Kunal Sethi","2026-09-09","School Learning Kits - Materials Grants (INR)","650","CF-SEP-009","Notebooks and geometry kit reimbursement","West Learning Centre","Routine payment"
"Alina Joseph","2026-09-10","School Learning Kits - Materials Grants (INR)","700","CF-SEP-010","Notebooks and geometry kit reimbursement","East Learning Centre","Routine payment"
"Vivek Raina","2026-09-11","School Learning Kits - Materials Grants (INR)","","CF-SEP-011","Notebooks and geometry kit reimbursement","West Learning Centre","Receipt exists but amount was not entered"
"Sana Mirza","2026-09-12","School Learning Kits - Materials Grants (INR)","550","CF-SEP-012","Notebooks and geometry kit reimbursement","East Learning Centre","Routine payment"
"Rohit Dutta","2026-09-13","Library Access - Travel Reimbursements (INR)","100","CF-SEP-013","Return bus fare to the community library","West Learning Centre","Routine payment"
"Zara Fernandes","2026-09-14","Library Access - Travel Reimbursements (INR)","125","CF-SEP-014","Return bus fare to the community library","East Learning Centre","Routine payment"
"Ishaan Malhotra","2026-09-15","Library Access - Travel Reimbursements (INR)","150","CF-SEP-015","Return bus fare to the community library","West Learning Centre","Routine payment"
"Neha Pillai","2026-09-16","Library Access - Travel Reimbursements (INR)","175","CF-SEP-016","Return bus fare to the community library","East Learning Centre","Routine payment"
"Arjun Mathur","2026-09-17","Library Access - Travel Reimbursements (INR)","100","CF-SEP-017","Return bus fare to the community library","West Learning Centre","Routine payment"
"Diya Mukherjee","2026-09-18","Library Access - Travel Reimbursements (INR)","125","CF-SEP-018","Return bus fare to the community library","East Learning Centre","Routine payment"
"","2026-09-19","Library Access - Travel Reimbursements (INR)","150","CF-SEP-019","Return bus fare to the community library","West Learning Centre","Recipient field absent"
"Ritu Chawla","2026-09-20","Library Access - Travel Reimbursements (INR)","175","CF-SEP-020","Return bus fare to the community library","East Learning Centre","Routine payment"
"Devika Rao","","Library Access - Travel Reimbursements (INR)","100","CF-SEP-021","Return bus fare to the community library","West Learning Centre","Payment date absent"
"Sameer Khan","2026-09-22","Library Access - Travel Reimbursements (INR)","125","CF-SEP-022","Return bus fare to the community library","East Learning Centre","Routine payment"
"Aditi Thomas","2026-09-23","Library Access - Travel Reimbursements (INR)","150","CF-SEP-023","Return bus fare to the community library","West Learning Centre","Routine payment"
"Yusuf Ali","2026-09-24","Library Access - Travel Reimbursements (INR)","175","CF-SEP-024","Return bus fare to the community library","East Learning Centre","Routine payment"
"Aarav Kulkarni","2026-09-01","School Learning Kits - Materials Grants (INR)","500","CF-SEP-001","Same receipt exported twice","West Learning Centre","Deliberate exact duplicate"
