"Full Name","Attendance Date","Activity","Amount","Notes"
"  ananya sen  ","2026-09-01","Food Support","100","Whitespace and lowercase"
"KABIR MEHTA","09/02/2026","Food Support","105","Uppercase and US date"
"Mira Das","3 Sep 2026","Food Support","95","Written month"
"Omar Qureshi","2026/09/04","Food Support","100","Slash-separated ISO date"
"Leela Nair","2026-09-05","Food Support","110","Normal record"
"Victor Chen","2026-09-06","Food Support","90","Normal record"
"Zoya Farooqi","2026-09-07","Food Support","10000","High outlier"
"","2026-09-08","Food Support","100","Missing name"
"Dev Patel","","Food Support","100","Missing date"
"Isha Roy","2026-09-10","Food Support","","Missing value"
"Ananya Sen","2026-09-01","Food Support","100","Exact duplicate"
"Marcus Bell","2026-09-11","Learning Support","1,250","Quoted numeric amount"
"Wendy Zhou","2026-09-12","Learning Support","0","Valid zero"
